Name,Cell_ID,ArAr.80_Hg,Ru.100_Ru,Ru.102_Ru,Cd.113_aSMA,Sn.115_ECAD,I.127_127I,Xe.131_131Xe,Pr.141_S100A9,Nd.142_F4,Nd.143_Ly6G,Nd.144_CD68,Nd.145_MHCII,Nd.146_MMR,Sm.147_CD10,Sm.149_TCF1,Sm.150_PDPN,Sm.152_CD31,Eu.153_TOX,Sm.154_Pankeratin,Gd.155_Vimentin,Gd.156_Arginase1,Gd.158_CD11c,Tb.159_lgD,Dy.160_B220,Dy.161_CD3e,Dy.162_CD4,Dy.163_CD8a,Dy.164_BCL6,Ho.165_FOXP3,Er.166_CD86,Er.167_GranzymerB,Tm.169_BCL6,Yb.170_CD21,Yb.172_CD45,Yb.173_CD79a,Yb.174_PDL1,Lu.175_PD1,Lu.176_LgM,BCKG.190_190BCKG,Ir.191_191Ir,Ir.193_193Ir,Pt.195_IMCSEGEM,Pt.196_IMCSEGEM,Pt.198_IMCSEGEM,Pb.204_204Pb,Object.Info...ROIName,Object.Info...Envelope,Area,X_position,Y_position
8082_ROI_002_LA2,1,6310.974582,1.852506293,5.998012683,1.784388068,0.205169383,18.60271813,51.34092734,0.32503907,0.227610875,0.013188442,1.812675354,0.014744836,1.020753984,0.01457701,0.653036042,3.735399063,1.029805624,0.375044368,1.378696953,14.14589816,0.008020885,1.085212336,0,0.37555189,6.306617168,0.06991513,0.137463026,7.02E-05,0.11089775,0.564901597,0.176548343,0.308375977,0.355693564,20.64361457,0.625953616,1.632858247,0.801708263,0.209852203,0.018524022,105.2026914,184.81933,2.608407405,5.84333062,4.467191739,0.641729856,ROI 010,(37.046696 15.167511) -> (37.168754 15.015910),14214.3697,37.107725,15.0917105
